"","Pert1","Pert2","phospho_value","Category"
"1","None","None",NA,"Exp"
"2","None","Igfri",-0.159093245613317,"Exp"
"3","None","Pi3ki",-0.0737154190600944,"Exp"
"4","None","Fgf4",0.32444255325538,"Exp"
"5","None","Fgfri",-0.886123381794171,"Exp"
"6","None","Meki",2.52414011089782,"Exp"
"7","None","NoLif",-0.383797947096448,"Exp"
"8","None","Jaki",-0.0708092003046359,"Exp"
"9","None","Activin",-0.242009644892115,"Exp"
"10","None","Bmp4ri",-0.193850859288726,"Exp"
"11","None","Gsk3i",-0.181495974357188,"Exp"
"12","Igfri","None",-0.406436049947549,"Exp"
"13","Igfri","Igfri",NA,"Exp"
"14","Igfri","Pi3ki",NA,"Exp"
"15","Igfri","Fgf4",0.386889504153711,"Exp"
"16","Igfri","Fgfri",-0.557576486827379,"Exp"
"17","Igfri","Meki",2.65171455258876,"Exp"
"18","Igfri","NoLif",-0.224031843121663,"Exp"
"19","Igfri","Jaki",0.0457606038472926,"Exp"
"20","Igfri","Activin",0.03574031068358,"Exp"
"21","Igfri","Bmp4ri",-0.0791000433166393,"Exp"
"22","Igfri","Gsk3i",-0.0178091807285557,"Exp"
"23","Pi3ki","None",0.156484987091855,"Exp"
"24","Pi3ki","Igfri",NA,"Exp"
"25","Pi3ki","Pi3ki",NA,"Exp"
"26","Pi3ki","Fgf4",0.515515042124873,"Exp"
"27","Pi3ki","Fgfri",-0.566533506217368,"Exp"
"28","Pi3ki","Meki",3.03618430561669,"Exp"
"29","Pi3ki","NoLif",-0.206026151297096,"Exp"
"30","Pi3ki","Jaki",-0.13335729553157,"Exp"
"31","Pi3ki","Activin",-0.103152233771613,"Exp"
"32","Pi3ki","Bmp4ri",-0.17787947012596,"Exp"
"33","Pi3ki","Gsk3i",0.039563646344691,"Exp"
"34","Fgf4","None",0.0398861107837891,"Exp"
"35","Fgf4","Igfri",-0.220984929620043,"Exp"
"36","Fgf4","Pi3ki",0.240073557989053,"Exp"
"37","Fgf4","Fgf4",NA,"Exp"
"38","Fgf4","Fgfri",-0.805579166882752,"Exp"
"39","Fgf4","Meki",4.04377116761547,"Exp"
"40","Fgf4","NoLif",0.521436893749298,"Exp"
"41","Fgf4","Jaki",0.177311926772695,"Exp"
"42","Fgf4","Activin",0.890347223022352,"Exp"
"43","Fgf4","Bmp4ri",-0.0400837206537116,"Exp"
"44","Fgf4","Gsk3i",0.467107461010626,"Exp"
"45","Fgfri","None",-1.25563642755176,"Exp"
"46","Fgfri","Igfri",-1.24219659950212,"Exp"
"47","Fgfri","Pi3ki",-0.755013156274424,"Exp"
"48","Fgfri","Fgf4",-1.51277790320744,"Exp"
"49","Fgfri","Fgfri",NA,"Exp"
"50","Fgfri","Meki",NA,"Exp"
"51","Fgfri","NoLif",-0.928406179483563,"Exp"
"52","Fgfri","Jaki",-0.957789785249456,"Exp"
"53","Fgfri","Activin",-0.953951789243772,"Exp"
"54","Fgfri","Bmp4ri",-1.04316144921412,"Exp"
"55","Fgfri","Gsk3i",-0.834467132272948,"Exp"
"56","Meki","None",0.612988425622606,"Exp"
"57","Meki","Igfri",0.370700684608157,"Exp"
"58","Meki","Pi3ki",0.677704797780512,"Exp"
"59","Meki","Fgf4",0.368745452085751,"Exp"
"60","Meki","Fgfri",NA,"Exp"
"61","Meki","Meki",NA,"Exp"
"62","Meki","NoLif",2.50074443284698,"Exp"
"63","Meki","Jaki",2.48877568357858,"Exp"
"64","Meki","Activin",2.93391986132626,"Exp"
"65","Meki","Bmp4ri",2.75477463274148,"Exp"
"66","Meki","Gsk3i",3.08576389813407,"Exp"
"67","NoLif","None",-0.0686586810518818,"Exp"
"68","NoLif","Igfri",-0.18459741722241,"Exp"
"69","NoLif","Pi3ki",0.195652319675746,"Exp"
"70","NoLif","Fgf4",0.232688098309231,"Exp"
"71","NoLif","Fgfri",-1.61816371642805,"Exp"
"72","NoLif","Meki",0.506005142004798,"Exp"
"73","NoLif","NoLif",NA,"Exp"
"74","NoLif","Jaki",-0.166178547215677,"Exp"
"75","NoLif","Activin",0.0609703912800297,"Exp"
"76","NoLif","Bmp4ri",-0.368747570323529,"Exp"
"77","NoLif","Gsk3i",-0.351847539531758,"Exp"
"78","Jaki","None",0.0265162295830894,"Exp"
"79","Jaki","Igfri",0.0578501789662562,"Exp"
"80","Jaki","Pi3ki",0.186267151070742,"Exp"
"81","Jaki","Fgf4",0.191505994940309,"Exp"
"82","Jaki","Fgfri",-1.31096058112807,"Exp"
"83","Jaki","Meki",0.45638907161911,"Exp"
"84","Jaki","NoLif",0.176538723697921,"Exp"
"85","Jaki","Jaki",NA,"Exp"
"86","Jaki","Activin",-0.187443641443429,"Exp"
"87","Jaki","Bmp4ri",-0.133729748123025,"Exp"
"88","Jaki","Gsk3i",0.111986343628153,"Exp"
"89","Activin","None",0.196004362883904,"Exp"
"90","Activin","Igfri",-0.021394434208683,"Exp"
"91","Activin","Pi3ki",0.188990001234646,"Exp"
"92","Activin","Fgf4",0.716048478835556,"Exp"
"93","Activin","Fgfri",-1.31852623079685,"Exp"
"94","Activin","Meki",0.477104551150394,"Exp"
"95","Activin","NoLif",0.311442741204829,"Exp"
"96","Activin","Jaki",0.0346759295019364,"Exp"
"97","Activin","Activin",NA,"Exp"
"98","Activin","Bmp4ri",-0.346754343086607,"Exp"
"99","Activin","Gsk3i",-0.200293470381799,"Exp"
"100","Bmp4ri","None",0.0103554601128721,"Exp"
"101","Bmp4ri","Igfri",-0.0521404480483703,"Exp"
"102","Bmp4ri","Pi3ki",0.259437782728318,"Exp"
"103","Bmp4ri","Fgf4",0.264513917448949,"Exp"
"104","Bmp4ri","Fgfri",-0.878757502636745,"Exp"
"105","Bmp4ri","Meki",0.534306657251576,"Exp"
"106","Bmp4ri","NoLif",0.1505132796936,"Exp"
"107","Bmp4ri","Jaki",0.451169998903108,"Exp"
"108","Bmp4ri","Activin",0.174058635648129,"Exp"
"109","Bmp4ri","Bmp4ri",NA,"Exp"
"110","Bmp4ri","Gsk3i",0.207195379472421,"Exp"
"111","Gsk3i","None",0.0185458169039659,"Exp"
"112","Gsk3i","Igfri",0.0887596143010218,"Exp"
"113","Gsk3i","Pi3ki",0.379761311229861,"Exp"
"114","Gsk3i","Fgf4",0.0696784424205069,"Exp"
"115","Gsk3i","Fgfri",-1.11841856112707,"Exp"
"116","Gsk3i","Meki",0.746884760475469,"Exp"
"117","Gsk3i","NoLif",0.168913998804411,"Exp"
"118","Gsk3i","Jaki",0.400055334453575,"Exp"
"119","Gsk3i","Activin",0.0187776064570673,"Exp"
"120","Gsk3i","Bmp4ri",0.340085758830531,"Exp"
"121","Gsk3i","Gsk3i",NA,"Exp"
"122","None","None",NA,"Initial_Model"
"123","None","Igfri",0,"Initial_Model"
"124","None","Pi3ki",0,"Initial_Model"
"125","None","Fgf4",-0.0331525354810605,"Initial_Model"
"126","None","Fgfri",-0.819753481462385,"Initial_Model"
"127","None","Meki",0,"Initial_Model"
"128","None","NoLif",0,"Initial_Model"
"129","None","Jaki",0,"Initial_Model"
"130","None","Activin",0,"Initial_Model"
"131","None","Bmp4ri",0,"Initial_Model"
"132","None","Gsk3i",0,"Initial_Model"
"133","Igfri","None",0,"Initial_Model"
"134","Igfri","Igfri",NA,"Initial_Model"
"135","Igfri","Pi3ki",NA,"Initial_Model"
"136","Igfri","Fgf4",-0.0331525354810605,"Initial_Model"
"137","Igfri","Fgfri",-0.819753481462385,"Initial_Model"
"138","Igfri","Meki",0,"Initial_Model"
"139","Igfri","NoLif",0,"Initial_Model"
"140","Igfri","Jaki",0,"Initial_Model"
"141","Igfri","Activin",0,"Initial_Model"
"142","Igfri","Bmp4ri",0,"Initial_Model"
"143","Igfri","Gsk3i",0,"Initial_Model"
"144","Pi3ki","None",0,"Initial_Model"
"145","Pi3ki","Igfri",NA,"Initial_Model"
"146","Pi3ki","Pi3ki",NA,"Initial_Model"
"147","Pi3ki","Fgf4",-0.0331525354810605,"Initial_Model"
"148","Pi3ki","Fgfri",-0.819753481462385,"Initial_Model"
"149","Pi3ki","Meki",0,"Initial_Model"
"150","Pi3ki","NoLif",0,"Initial_Model"
"151","Pi3ki","Jaki",0,"Initial_Model"
"152","Pi3ki","Activin",0,"Initial_Model"
"153","Pi3ki","Bmp4ri",0,"Initial_Model"
"154","Pi3ki","Gsk3i",0,"Initial_Model"
"155","Fgf4","None",-0.477425969613162,"Initial_Model"
"156","Fgf4","Igfri",-0.477425969613162,"Initial_Model"
"157","Fgf4","Pi3ki",-0.477425969613162,"Initial_Model"
"158","Fgf4","Fgf4",NA,"Initial_Model"
"159","Fgf4","Fgfri",-0.819753481462385,"Initial_Model"
"160","Fgf4","Meki",-0.0331525354810605,"Initial_Model"
"161","Fgf4","NoLif",-0.0331525354810605,"Initial_Model"
"162","Fgf4","Jaki",-0.0331525354810605,"Initial_Model"
"163","Fgf4","Activin",-0.0331525354810605,"Initial_Model"
"164","Fgf4","Bmp4ri",-0.0331525354810605,"Initial_Model"
"165","Fgf4","Gsk3i",-0.0331525354810605,"Initial_Model"
"166","Fgfri","None",-0.948401011671013,"Initial_Model"
"167","Fgfri","Igfri",-0.948401011671013,"Initial_Model"
"168","Fgfri","Pi3ki",-0.948401011671013,"Initial_Model"
"169","Fgfri","Fgf4",-1.02810678898953,"Initial_Model"
"170","Fgfri","Fgfri",NA,"Initial_Model"
"171","Fgfri","Meki",NA,"Initial_Model"
"172","Fgfri","NoLif",-0.819753481462385,"Initial_Model"
"173","Fgfri","Jaki",-0.819753481462385,"Initial_Model"
"174","Fgfri","Activin",-0.819753481462385,"Initial_Model"
"175","Fgfri","Bmp4ri",-0.819753481462385,"Initial_Model"
"176","Fgfri","Gsk3i",-0.819753481462385,"Initial_Model"
"177","Meki","None",0,"Initial_Model"
"178","Meki","Igfri",0,"Initial_Model"
"179","Meki","Pi3ki",0,"Initial_Model"
"180","Meki","Fgf4",-0.477425969613162,"Initial_Model"
"181","Meki","Fgfri",NA,"Initial_Model"
"182","Meki","Meki",NA,"Initial_Model"
"183","Meki","NoLif",0,"Initial_Model"
"184","Meki","Jaki",0,"Initial_Model"
"185","Meki","Activin",0,"Initial_Model"
"186","Meki","Bmp4ri",0,"Initial_Model"
"187","Meki","Gsk3i",0,"Initial_Model"
"188","NoLif","None",0,"Initial_Model"
"189","NoLif","Igfri",0,"Initial_Model"
"190","NoLif","Pi3ki",0,"Initial_Model"
"191","NoLif","Fgf4",-0.477425969613162,"Initial_Model"
"192","NoLif","Fgfri",-0.948401011671013,"Initial_Model"
"193","NoLif","Meki",0,"Initial_Model"
"194","NoLif","NoLif",NA,"Initial_Model"
"195","NoLif","Jaki",0,"Initial_Model"
"196","NoLif","Activin",0,"Initial_Model"
"197","NoLif","Bmp4ri",0,"Initial_Model"
"198","NoLif","Gsk3i",0,"Initial_Model"
"199","Jaki","None",0,"Initial_Model"
"200","Jaki","Igfri",0,"Initial_Model"
"201","Jaki","Pi3ki",0,"Initial_Model"
"202","Jaki","Fgf4",-0.477425969613162,"Initial_Model"
"203","Jaki","Fgfri",-0.948401011671013,"Initial_Model"
"204","Jaki","Meki",0,"Initial_Model"
"205","Jaki","NoLif",0,"Initial_Model"
"206","Jaki","Jaki",NA,"Initial_Model"
"207","Jaki","Activin",0,"Initial_Model"
"208","Jaki","Bmp4ri",0,"Initial_Model"
"209","Jaki","Gsk3i",0,"Initial_Model"
"210","Activin","None",0,"Initial_Model"
"211","Activin","Igfri",0,"Initial_Model"
"212","Activin","Pi3ki",0,"Initial_Model"
"213","Activin","Fgf4",-0.477425969613162,"Initial_Model"
"214","Activin","Fgfri",-0.948401011671013,"Initial_Model"
"215","Activin","Meki",0,"Initial_Model"
"216","Activin","NoLif",0,"Initial_Model"
"217","Activin","Jaki",0,"Initial_Model"
"218","Activin","Activin",NA,"Initial_Model"
"219","Activin","Bmp4ri",0,"Initial_Model"
"220","Activin","Gsk3i",0,"Initial_Model"
"221","Bmp4ri","None",0,"Initial_Model"
"222","Bmp4ri","Igfri",0,"Initial_Model"
"223","Bmp4ri","Pi3ki",0,"Initial_Model"
"224","Bmp4ri","Fgf4",-0.477425969613162,"Initial_Model"
"225","Bmp4ri","Fgfri",-0.948401011671013,"Initial_Model"
"226","Bmp4ri","Meki",0,"Initial_Model"
"227","Bmp4ri","NoLif",0,"Initial_Model"
"228","Bmp4ri","Jaki",0,"Initial_Model"
"229","Bmp4ri","Activin",0,"Initial_Model"
"230","Bmp4ri","Bmp4ri",NA,"Initial_Model"
"231","Bmp4ri","Gsk3i",0,"Initial_Model"
"232","Gsk3i","None",0,"Initial_Model"
"233","Gsk3i","Igfri",0,"Initial_Model"
"234","Gsk3i","Pi3ki",0,"Initial_Model"
"235","Gsk3i","Fgf4",-0.477425969613162,"Initial_Model"
"236","Gsk3i","Fgfri",-0.948401011671013,"Initial_Model"
"237","Gsk3i","Meki",0,"Initial_Model"
"238","Gsk3i","NoLif",0,"Initial_Model"
"239","Gsk3i","Jaki",0,"Initial_Model"
"240","Gsk3i","Activin",0,"Initial_Model"
"241","Gsk3i","Bmp4ri",0,"Initial_Model"
"242","Gsk3i","Gsk3i",NA,"Initial_Model"
"243","None","None",NA,"Final_Model"
"244","None","Igfri",-0.0204568254719225,"Final_Model"
"245","None","Pi3ki",-0.0498057130236607,"Final_Model"
"246","None","Fgf4",0.303890637644474,"Final_Model"
"247","None","Fgfri",-0.655919078879168,"Final_Model"
"248","None","Meki",3.3137282645394,"Final_Model"
"249","None","NoLif",-0.237863433617946,"Final_Model"
"250","None","Jaki",-0.285871654162318,"Final_Model"
"251","None","Activin",-0.140282768693285,"Final_Model"
"252","None","Bmp4ri",-0.218182977094232,"Final_Model"
"253","None","Gsk3i",-0.038719680325895,"Final_Model"
"254","Igfri","None",-0.0106020886957634,"Final_Model"
"255","Igfri","Igfri",NA,"Final_Model"
"256","Igfri","Pi3ki",NA,"Final_Model"
"257","Igfri","Fgf4",0.282199443406993,"Final_Model"
"258","Igfri","Fgfri",-0.667906434745358,"Final_Model"
"259","Igfri","Meki",3.26506201416876,"Final_Model"
"260","Igfri","NoLif",-0.254394145444285,"Final_Model"
"261","Igfri","Jaki",-0.28878365698413,"Final_Model"
"262","Igfri","Activin",-0.160739594165208,"Final_Model"
"263","Igfri","Bmp4ri",-0.231208057001872,"Final_Model"
"264","Igfri","Gsk3i",-0.0416398944462311,"Final_Model"
"265","Pi3ki","None",-0.019577189498172,"Final_Model"
"266","Pi3ki","Igfri",NA,"Final_Model"
"267","Pi3ki","Pi3ki",NA,"Final_Model"
"268","Pi3ki","Fgf4",0.250607519414383,"Final_Model"
"269","Pi3ki","Fgfri",-0.684486922448882,"Final_Model"
"270","Pi3ki","Meki",3.19524178171611,"Final_Model"
"271","Pi3ki","NoLif",-0.280073238946495,"Final_Model"
"272","Pi3ki","Jaki",-0.295762203954395,"Final_Model"
"273","Pi3ki","Activin",-0.190088481716946,"Final_Model"
"274","Pi3ki","Bmp4ri",-0.249747451354065,"Final_Model"
"275","Pi3ki","Gsk3i",-0.0534927382750266,"Final_Model"
"276","Fgf4","None",-0.150755458444309,"Final_Model"
"277","Fgf4","Igfri",-0.16076662604347,"Final_Model"
"278","Fgf4","Pi3ki",-0.16951473749412,"Final_Model"
"279","Fgf4","Fgf4",NA,"Final_Model"
"280","Fgf4","Fgfri",-0.451451331865513,"Final_Model"
"281","Fgf4","Meki",4.03667610789854,"Final_Model"
"282","Fgf4","NoLif",0.0660272040265279,"Final_Model"
"283","Fgf4","Jaki",0.0156596020030823,"Final_Model"
"284","Fgf4","Activin",0.163607868951188,"Final_Model"
"285","Fgf4","Bmp4ri",0.0845414668996794,"Final_Model"
"286","Fgf4","Gsk3i",0.262847562497774,"Final_Model"
"287","Fgfri","None",-0.890668826223723,"Final_Model"
"288","Fgfri","Igfri",-0.892815191685059,"Final_Model"
"289","Fgfri","Pi3ki",-0.895124162630319,"Final_Model"
"290","Fgfri","Fgf4",-0.936048389463978,"Final_Model"
"291","Fgfri","Fgfri",NA,"Final_Model"
"292","Fgfri","Meki",NA,"Final_Model"
"293","Fgfri","NoLif",-0.815961522916858,"Final_Model"
"294","Fgfri","Jaki",-0.845317739677488,"Final_Model"
"295","Fgfri","Activin",-0.796201847572453,"Final_Model"
"296","Fgfri","Bmp4ri",-0.80120866844378,"Final_Model"
"297","Fgfri","Gsk3i",-0.678653694517909,"Final_Model"
"298","Meki","None",0.636864854123174,"Final_Model"
"299","Meki","Igfri",0.623753946733885,"Final_Model"
"300","Meki","Pi3ki",0.612655028510637,"Final_Model"
"301","Meki","Fgf4",0.450435471120288,"Final_Model"
"302","Meki","Fgfri",NA,"Final_Model"
"303","Meki","Meki",NA,"Final_Model"
"304","Meki","NoLif",2.74785740493998,"Final_Model"
"305","Meki","Jaki",2.63364710950249,"Final_Model"
"306","Meki","Activin",2.97999924322645,"Final_Model"
"307","Meki","Bmp4ri",2.79467669397905,"Final_Model"
"308","Meki","Gsk3i",3.22161516225979,"Final_Model"
"309","NoLif","None",-0.0948529431343198,"Final_Model"
"310","NoLif","Igfri",-0.104548493385533,"Final_Model"
"311","NoLif","Pi3ki",-0.113191566066136,"Final_Model"
"312","NoLif","Fgf4",-0.245608401578629,"Final_Model"
"313","NoLif","Fgfri",-0.919220927593096,"Final_Model"
"314","NoLif","Meki",0.519566443524849,"Final_Model"
"315","NoLif","NoLif",NA,"Final_Model"
"316","NoLif","Jaki",-0.362347377664618,"Final_Model"
"317","NoLif","Activin",-0.378146202311232,"Final_Model"
"318","NoLif","Bmp4ri",-0.37627579096081,"Final_Model"
"319","NoLif","Gsk3i",-0.269193173138013,"Final_Model"
"320","Jaki","None",-0.121149471767307,"Final_Model"
"321","Jaki","Igfri",-0.123732242264909,"Final_Model"
"322","Jaki","Pi3ki",-0.126601780050355,"Final_Model"
"323","Jaki","Fgf4",-0.271086758291875,"Final_Model"
"324","Jaki","Fgfri",-0.925814847232071,"Final_Model"
"325","Jaki","Meki",0.487047252122065,"Final_Model"
"326","Jaki","NoLif",-0.155413262581235,"Final_Model"
"327","Jaki","Jaki",NA,"Final_Model"
"328","Jaki","Activin",-0.426154422855603,"Final_Model"
"329","Jaki","Bmp4ri",-0.407551024476134,"Final_Model"
"330","Jaki","Gsk3i",-0.291566667061656,"Final_Model"
"331","Activin","None",-0.172224083330944,"Final_Model"
"332","Activin","Igfri",-0.182826172026708,"Final_Model"
"333","Activin","Pi3ki",-0.191801272829116,"Final_Model"
"334","Activin","Fgf4",-0.322979541775253,"Final_Model"
"335","Activin","Fgfri",-1.06289290955467,"Final_Model"
"336","Activin","Meki",0.423886631477349,"Final_Model"
"337","Activin","NoLif",-0.267077026465264,"Final_Model"
"338","Activin","Jaki",-0.293373555098251,"Final_Model"
"339","Activin","Activin",NA,"Final_Model"
"340","Activin","Bmp4ri",-0.358465745787517,"Final_Model"
"341","Activin","Gsk3i",-0.17900244901918,"Final_Model"
"342","Bmp4ri","None",-0.296118807721676,"Final_Model"
"343","Bmp4ri","Igfri",-0.285858332249574,"Final_Model"
"344","Bmp4ri","Pi3ki",-0.276527333094641,"Final_Model"
"345","Bmp4ri","Fgf4",-0.444212768866157,"Final_Model"
"346","Bmp4ri","Fgfri",-0.976126190862374,"Final_Model"
"347","Bmp4ri","Meki",0.270674155698177,"Final_Model"
"348","Bmp4ri","NoLif",-0.193876419901008,"Final_Model"
"349","Bmp4ri","Jaki",-0.165793873045884,"Final_Model"
"350","Bmp4ri","Activin",-0.46834289105262,"Final_Model"
"351","Bmp4ri","Bmp4ri",NA,"Final_Model"
"352","Bmp4ri","Gsk3i",-0.242872116337042,"Final_Model"
"353","Gsk3i","None",-0.00985413416398506,"Final_Model"
"354","Gsk3i","Igfri",-0.014120803162381,"Final_Model"
"355","Gsk3i","Pi3ki",-0.0202407010352022,"Final_Model"
"356","Gsk3i","Fgf4",-0.160048917395287,"Final_Model"
"357","Gsk3i","Fgfri",-0.892643087608791,"Final_Model"
"358","Gsk3i","Meki",0.624678893023144,"Final_Model"
"359","Gsk3i","NoLif",-0.103846939390858,"Final_Model"
"360","Gsk3i","Jaki",-0.123522115375913,"Final_Model"
"361","Gsk3i","Activin",-0.182078217494929,"Final_Model"
"362","Gsk3i","Bmp4ri",-0.286610608364392,"Final_Model"
"363","Gsk3i","Gsk3i",NA,"Final_Model"
